<?xml version="1.0" encoding="utf-8" ?>
<dwsync>
<file name="constrained.html" server="ftp.medusateam.com/web/proyectos/test/solido1/" local="130179134760000000" remote="130364981400000000" Dst="1" />
<file name="custom-fx.html" server="ftp.medusateam.com/web/proyectos/test/solido1/" local="130179134760000000" remote="130364981400000000" Dst="1" />
<file name="custom-pagination.html" server="ftp.medusateam.com/web/proyectos/test/solido1/" local="130179134760000000" remote="130364981400000000" Dst="1" />
<file name="fade.html" server="ftp.medusateam.com/web/proyectos/test/solido1/" local="130179134760000000" remote="130364981400000000" Dst="1" />
<file name="index.html" server="ftp.medusateam.com/web/proyectos/test/solido1/" local="130179134760000000" remote="130364981400000000" Dst="1" />
<file name="multiple.html" server="ftp.medusateam.com/web/proyectos/test/solido1/" local="130179134760000000" remote="130364981400000000" Dst="1" />
<file name="play.html" server="ftp.medusateam.com/web/proyectos/test/solido1/" local="130179134760000000" remote="130364981400000000" Dst="1" />
<file name="preserved-images.html" server="ftp.medusateam.com/web/proyectos/test/solido1/" local="130179134760000000" remote="130364981400000000" Dst="1" />
<file name="simple.html" server="ftp.medusateam.com/web/proyectos/test/solido1/" local="130179134760000000" remote="130364981400000000" Dst="1" />
<file name="single.html" server="ftp.medusateam.com/web/proyectos/test/solido1/" local="130179134760000000" remote="130364981400000000" Dst="1" />
<file name="touch.html" server="ftp.medusateam.com/web/proyectos/test/solido1/" local="130179134760000000" remote="130364981400000000" Dst="1" />
</dwsync>