<?xml version="1.0" encoding="utf-8" ?>
<dwsync>
<file name=".DS_Store" server="ftp.jellythemes.com/web/test/solido/" local="130299461980000000" remote="130310605200000000" Dst="1" />
<file name="a-grey.png" server="ftp.jellythemes.com/web/test/solido/" local="130298800540000000" remote="130310605200000000" Dst="1" />
<file name="adress-ico.png" server="ftp.jellythemes.com/web/test/solido/" local="130298800560000000" remote="130310605200000000" Dst="1" />
<file name="audio.png" server="ftp.jellythemes.com/web/test/solido/" local="130298800560000000" remote="130310605200000000" Dst="1" />
<file name="bottom-01.png" server="ftp.jellythemes.com/web/test/solido/" local="130298800560000000" remote="130310605200000000" Dst="1" />
<file name="c-arrows.png" server="ftp.jellythemes.com/web/test/solido/" local="130298800580000000" remote="130310605200000000" Dst="1" />
<file name="ckeck.png" server="ftp.jellythemes.com/web/test/solido/" local="130298800640000000" remote="130310605200000000" Dst="1" />
<file name="dark.jpg" server="ftp.jellythemes.com/web/test/solido/" local="130298800640000000" remote="130310605200000000" Dst="1" />
<file name="f-next.png" server="ftp.jellythemes.com/web/test/solido/" local="130298800660000000" remote="130310605200000000" Dst="1" />
<file name="f-prev.png" server="ftp.jellythemes.com/web/test/solido/" local="130298800660000000" remote="130310605200000000" Dst="1" />
<file name="facts.png" server="ftp.jellythemes.com/web/test/solido/" local="130298800700000000" remote="130310605200000000" Dst="1" />
<file name="hours-ico.png" server="ftp.jellythemes.com/web/test/solido/" local="130298801120000000" remote="130310605200000000" Dst="1" />
<file name="light.jpg" server="ftp.jellythemes.com/web/test/solido/" local="130298801140000000" remote="130310605200000000" Dst="1" />
<file name="loading.gif" server="ftp.jellythemes.com/web/test/solido/" local="130298801160000000" remote="130310605200000000" Dst="1" />
<file name="imac.png" server="ftp.jellythemes.com/web/test/solido/" local="130298801140000000" remote="130310605200000000" Dst="1" />
<file name="mail-ico.png" server="ftp.jellythemes.com/web/test/solido/" local="130298801240000000" remote="130310605800000000" Dst="1" />
<file name="menu-icon-blk.png" server="ftp.jellythemes.com/web/test/solido/" local="130298801300000000" remote="130310605800000000" Dst="1" />
<file name="phone-ico.png" server="ftp.jellythemes.com/web/test/solido/" local="130298801480000000" remote="130310605800000000" Dst="1" />
<file name="picker-ico.png" server="ftp.jellythemes.com/web/test/solido/" local="130298801480000000" remote="130310605800000000" Dst="1" />
<file name="play-ico.png" server="ftp.jellythemes.com/web/test/solido/" local="130298801500000000" remote="130310605800000000" Dst="1" />
<file name="s-next.png" server="ftp.jellythemes.com/web/test/solido/" local="130298801640000000" remote="130310605800000000" Dst="1" />
<file name="s-prev.png" server="ftp.jellythemes.com/web/test/solido/" local="130298801640000000" remote="130310605800000000" Dst="1" />
<file name="skill-sprite.png" server="ftp.jellythemes.com/web/test/solido/" local="130298801660000000" remote="130310605800000000" Dst="1" />
<file name="sl-icons.png" server="ftp.jellythemes.com/web/test/solido/" local="130298801660000000" remote="130310605800000000" Dst="1" />
<file name="social-footer.png" server="ftp.jellythemes.com/web/test/solido/" local="130298801920000000" remote="130310605800000000" Dst="1" />
<file name="social.png" server="ftp.jellythemes.com/web/test/solido/" local="130298801940000000" remote="130310605800000000" Dst="1" />
<file name="video-ico.png" server="ftp.jellythemes.com/web/test/solido/" local="130298802020000000" remote="130310605800000000" Dst="1" />
<file name="video-mask.png" server="ftp.jellythemes.com/web/test/solido/" local="130298802040000000" remote="130310605800000000" Dst="1" />
<file name="work-arrows.png" server="ftp.jellythemes.com/web/test/solido/" local="130298802040000000" remote="130310605800000000" Dst="1" />
</dwsync>