{
  "name": "首页",
  "action": "portal/Index/index",
  "description": "首页模板文件",
  "order": 5.0,
  "more": {
    "vars": {
      "top_slide": {
        "title": "顶部幻灯片",
        "value": "",
        "type": "text",
        "dataSource": {
          "api": "admin/Slide/index",
          "multi": false
        },
        "placeholder": "请选择顶部幻灯片",
        "tip": "顶部幻灯片",
        "rule": {
          "require": true
        }
      }
    },
    "widgets": {


          "about": {
            "title": "我们",
            "display": "1",
            "vars": {
              "image": {
                "title": "图片",
                "value": "",
                "type": "image",
                "tip": "点击更改图片",
                "rule": {
                  "require": true
                },
                "message":{
                  "require":"不能为空"
                }
              },
              "sub_title": {
                "title": "段落1",
                "value": "",
                "type": "text",
                "placeholder": "请输入副标题",
                "tip": "",
                "rule": {
                  "require": true
                }
              }

            }
          },

          "services": {
            "title": "服务中心",
            "display": "1",
            "vars": {

              "features": {
                "title": "图片切换",
                "value": [
                  {
                    "title": "",
                    "image":"",
                    "icon": "",
                    "content": ""
                  },
                  {
                    "title": "",
                    "image":"",
                    "icon": "",
                    "content": ""
                  },
                  {
                    "title": "",
                    "image":"",
                    "icon": "",
                    "content": ""
                  },
                  {
                    "title": "",
                    "image":"",
                    "icon": "",
                    "content": ""
                  }


                ],
                "type": "array",
                "item": {
                  "title": {
                    "title": "内容1",
                    "value": "",
                    "type": "text",
                    "rule": {
                      "require": true
                    }
                  },
                  "image": {
                    "title": "内容2",
                    "value": "",
                    "type": "text"
                  },
                  "icon": {
                    "title": "内容3",
                    "value": "",
                    "type": "text"
                  },
                  "content": {
                    "title": "内容4",
                    "value": "",
                    "type": "textarea"
                  }
                },
                "tip": ""

              }
            }
          },
          "galarys": {
              "title":"客户案例",
              "display":"",
              "vars":{
                  "features":{
                      "title":"图片切换",
                      "value":[
                        {
                            "title":"",
                            "image":"",
                            "content":""
                        },
                        {
                          "title":"",
                          "image":"",
                          "content":""
                        },
                        {
                          "title":"",
                          "image":"",
                          "content":""
                        },
                        {
                          "title":"",
                          "image":"",
                          "content":""
                        },
                        {
                          "title":"",
                          "image":"",
                          "content":""
                        },
                        {
                          "title":"",
                          "image":"",
                          "content":""
                        }


                      ],
                      "type":"array",
                      "item":{
                          "title":{
                            "title": "内容1",
                            "value": "",
                            "type": "text",
                            "rule": {
                              "require": true
                            }
                          },
                          "image": {
                            "title": "图片",
                            "value": "",
                            "type": "image"
                          },
                          "content": {
                            "title": "内容2",
                            "value": "",
                            "type": "textarea"
                          }

                      }
                  }
              }
          },


          "cooporations": {
            "title":"合作加盟",
            "display":"",
            "vars":{
              "features":{
                "title":"图片切换",
                "value":[
                  {
                    "title":"",
                    "image":"",
                    "content":""
                  },
                  {
                    "title":"",
                    "image":"",
                    "content":""
                  },
                  {
                    "title":"",
                    "image":"",
                    "content":""
                  }


                ],
                "type":"array",
                "item":{
                  "title":{
                    "title": "内容1",
                    "value": "",
                    "type": "text",
                    "rule": {
                      "require": true
                    }
                  },
                  "image": {
                    "title": "图片",
                    "value": "",
                    "type": "image"
                  },
                  "content": {
                    "title": "内容2",
                    "value": "",
                    "type": "textarea"
                  }

                }
              }
            }
          },

          "contact":{
            "title": "联系我们",
            "display": "1",
            "vars": {
              "sub_title": {
                "title": "地址",
                "value": "",
                "type": "text",
                "placeholder": "请输入副标题",
                "tip": "",
                "rule": {
                  "require": true
                }
              },
              "sub_title1": {
                "title": "电话",
                "value": "",
                "type": "text",
                "placeholder": "请输入副标题",
                "tip": "",
                "rule": {
                  "require": true
                }
              },
              "sub_title2": {
                "title": "邮箱",
                "value": "",
                "type": "text",
                "placeholder": "请输入副标题",
                "tip": "",
                "rule": {
                  "require": true
                }
              }


            }
          }


    }
  }
}
